{"cameraMode":{"drawMode":0,"name":"Shaded","section":"Shading Mode"},"sceneLighting":true,"audioPlay":false,"sceneViewState":{"m_AlwaysRefresh":false,"showFog":true,"showSkybox":true,"showFlares":true,"showImageEffects":true,"showParticleSystems":true,"showVisualEffectGraphs":true,"m_FxEnabled":true},"in2DMode":false,"pivot":{"x":0.01873260736465454,"y":-7.719563961029053,"z":-21.930662155151368},"rotation":{"x":-0.0014701375039294363,"y":0.9920404553413391,"z":-0.12547092139720918,"w":-0.011606384068727494},"size":19.73290252685547,"orthographic":false}